,location,MealRestaurantCheap,MealRestaurantMidRange,McMenu,Beer,CokeOrPepsi,WaterBottle,MilkLiter,Bread,Eggs,Cheese,Cigarettes,TransportationTicket,ChickenBreasts,Gasoline,VolkswagenGolf,Apartment1Bedroom,Apartment3Bedrooms,ElectricityAndWater,MobilePhoneMinute,Internet,Gym,Cinema,Jeans,Dress,RunningShoes,BusinessShoes,Taxi1Km,Apples,Rice,Banana,BeefRound,ToyotaCorolla,PreschoolMonthly,PrimarySchoolYearly,City,Country
0,"Saint Petersburg, Russia",7.34,29.35,4.4,2.2,0.76,0.53,0.98,0.71,1.18,7.6,2.2,0.59,3.96,0.67,19289.39,524.45,1012.53,102.17,0.03,6.96,26.27,5.14,71.86,38.25,74.88,100.72,0.26,1.29,0.92,0.89,7.18,19305.29,411.83,5388.86,Saint Petersburg,Russia
1,"Istanbul, Turkey",4.58,15.28,3.82,3.06,0.64,0.24,0.71,0.36,1.62,5.32,2.75,0.41,3.5,1.05,24443.15,291.55,545.5,59.33,0.11,14.2,25.1,3.82,36.15,25.91,61.31,50.58,0.47,0.85,1.3,1.91,9.73,20874.72,282.94,6905.43,Istanbul,Turkey
2,"Izmir, Turkey",3.06,12.22,3.06,2.29,0.61,0.22,0.65,0.38,1.51,4.97,2.29,0.46,3.05,1.04,24443.15,212.22,353.76,51.07,0.09,12.89,20.64,3.06,33.2,22.48,52.74,42.2,0.57,0.77,1.31,1.78,8.61,20898.83,212.18,4948.41,Izmir,Turkey
3,"Helsinki, Finland",12,65,8,6.5,2.66,1.89,0.96,2.27,2.02,6.87,7.7,2.8,9.42,1.54,22000,986.93,1819.32,82.66,0.07,22.31,34.54,14,83.41,31.41,82.49,120.97,1,2.1,2.13,1.61,12.34,24402.77,351.6,1641,Helsinki,Finland
4,"Chisinau, Moldova",4.67,20.74,4.15,1.04,0.64,0.44,0.68,0.33,1.11,5.79,1.56,0.1,3.55,0.98,16335.12,244.49,428.67,113.46,0.07,8.58,26.64,5.19,56.54,35.37,86.25,94.38,0.18,0.7,0.93,1.37,5.37,17238.13,210.52,2679.3,Chisinau,Moldova
5,"Milan, Italy",15,60,8,5,2.49,1.12,1.21,1.94,2.87,13.54,5.5,2,8.83,1.59,22400,1099.67,2311.84,163.97,0.18,28.93,66.62,10,86.65,32.8,86.32,135.8,1.12,2.13,2.25,1.99,17.75,23233.33,617.27,10761.9,Milan,Italy
6,"Cairo, Egypt",3.38,17.48,4.51,1.69,0.29,0.18,0.84,0.51,1.04,3.16,2.26,0.28,4.18,0.45,25098.6,188,352.74,25.79,0.01,14.77,26.19,4.51,42.38,44.32,114.98,56.92,0.17,1.31,0.65,0.66,8.06,21020.29,121.15,2781.29,Cairo,Egypt
7,"Banja Luka, Bosnia And Herzegovina",3.58,22.99,3.58,1.02,1.18,0.74,0.69,0.63,1.47,4.76,2.81,0.92,3.97,1.17,16859.68,219.72,398.18,141.04,0.1,21.34,20.7,2.55,63.44,26.64,73.77,74.25,0.77,0.86,1.05,1.06,7.43,16529.98,128.7,1348.77,Banja Luka,Bosnia And Herzegovina
8,"Baku, Azerbaijan",5.27,23.73,4.22,0.84,0.37,0.21,0.83,0.26,1.03,3.54,2.11,0.16,2.92,0.49,15558.4,290.07,608.91,42.65,0.03,15.51,30.43,3.69,43.59,40.16,93.36,76.12,0.32,0.69,1.05,1.22,6.15,18564.59,208.84,5657.01,Baku,Azerbaijan
9,"Guadalajara, Mexico",5.25,23.86,4.25,1.43,0.66,0.51,0.87,1.35,1.25,4.09,2.48,0.43,4.65,1,16535.22,309.42,634.96,22.64,0.06,27.53,24.59,3.58,40.8,29.7,68.04,57.71,0.46,1.96,1.04,0.94,6.88,15579.09,145.75,2826.61,Guadalajara,Mexico
10,"Kathmandu, Nepal",1.99,11.92,5.56,2.38,0.45,0.2,0.67,0.43,1.29,7.48,1.99,0.16,3.69,0.87,29976.83,155.63,295.43,24.92,0.02,16.66,24.02,3.06,24.3,27.81,49.71,38.55,0.6,1.69,0.79,0.9,4.39,46216.93,55.92,1154.07,Kathmandu,Nepal
11,"Hanoi, Vietnam",1.94,15.52,3.88,0.78,0.45,0.28,1.32,0.71,1.31,14.41,1.11,0.27,3.36,0.79,38808.39,318.43,608.96,67.49,0.06,9.41,24.06,3.69,30.9,28.7,73.25,67.54,0.43,2.71,0.79,0.85,7.92,33491.64,166.55,8021.9,Hanoi,Vietnam
12,"Ho Chi Minh City, Vietnam",1.94,17.5,3.87,0.78,0.43,0.26,1.21,0.66,1.26,11.35,0.97,0.23,2.45,0.8,38894.22,421.19,971.4,51.25,0.08,10.42,21.48,3.5,37.62,29.14,81.51,66.79,0.54,2.37,0.71,0.77,9.69,30780.17,109.65,7237.44,Ho Chi Minh City,Vietnam
13,"Mexico City, Mexico",4.77,23.86,4.77,1.91,0.61,0.47,0.91,1.44,1.36,4.93,2.48,0.29,4.41,0.98,16702.48,550.18,1139.78,30.09,0.06,26.34,49.56,3.82,41.62,32.29,73.85,72.78,0.29,1.93,0.95,0.95,6.9,14844.85,211.05,4721.73,Mexico City,Mexico
14,"Rome, Italy",15,55,8,5,1.87,0.99,1.28,1.54,2.96,12.33,5.5,1.5,8.32,1.57,20700,987.37,1870,171.15,0.18,29.64,57.77,8.5,80.36,31.39,79.79,116.65,1.41,1.88,2.02,1.77,14.54,23535.29,523.86,11972.73,Rome,Italy
15,"Monterrey, Mexico",5.75,23.94,4.31,1.68,0.69,0.54,0.91,1.51,1.6,5.2,2.49,0.57,4.72,0.97,16424.2,342.55,757.86,49.81,0.05,25.84,34.28,3.59,40.51,28.55,66.7,61.59,0.38,2.14,0.87,0.88,6.01,14421.34,198.98,4080.55,Monterrey,Mexico
16,"Yekaterinburg, Russia",5.88,29.42,4.12,1.47,0.77,0.53,0.75,0.43,0.92,6.29,1.91,0.41,3.87,0.65,19857.48,332.66,549.9,113.13,0.02,7.61,35.51,3.68,62.56,38.29,74.23,91.27,0.21,1.29,0.83,0.97,6.79,18832.1,199.74,3166.47,Yekaterinburg,Russia
17,"Sarajevo, Bosnia And Herzegovina",3.57,20.42,4.08,1.79,1.36,0.68,0.7,0.52,1.49,5.58,2.81,0.92,3.85,1.19,17868.62,254.49,510.21,140.53,0.12,22.77,26.5,3.57,53.86,29.39,71.16,86.28,0.61,0.94,1.05,1.13,7.66,17681.12,164.67,3431.24,Sarajevo,Bosnia And Herzegovina
18,"Kharkiv, Ukraine",4.5,18.76,3.75,0.88,0.38,0.29,0.85,0.41,1,6.47,1.43,0.3,3.48,1.09,22507.19,346.56,615.91,117.46,0.03,5.57,18.58,3.75,64.99,42.65,90.65,105.76,0.26,0.56,0.97,0.98,4.84,21067.14,176.48,2033.83,Kharkiv,Ukraine
19,"Kiev, Ukraine",5.63,22.51,3.75,1.13,0.58,0.45,0.93,0.58,1.13,7.07,1.65,0.3,3.92,1.12,21608.29,589.81,988.82,98.74,0.04,5.11,20.92,4.31,64.03,40.73,98.26,110.43,0.26,0.59,1.04,1.06,5.65,20758.91,254.74,7483.6,Kiev,Ukraine
20,"Calgary, Canada",13.75,42.97,6.87,4.81,1.63,1.51,1.35,1.83,2.19,9.53,11,2.34,9.17,0.72,17186.61,833.74,1352.81,132.57,0.19,54.67,40.58,9.62,42.31,30.61,66.55,84.89,1.15,2.8,2,1.21,10.19,15976.18,780.68,10418.14,Calgary,Canada
21,"Tunis, Tunisia",1.92,12.78,3.19,1.6,0.5,0.28,0.39,0.1,0.82,6.52,2.08,0.16,3.39,0.63,21863.24,173.76,331.41,30.66,0.06,17.03,22.1,3.19,39.79,37.3,71.6,45.83,0.32,1.42,0.56,1.54,8.04,21400.1,72.31,1644.93,Tunis,Tunisia
22,"Edmonton, Canada",13.75,48.12,6.53,4.12,1.48,1.2,1.57,1.82,2.2,7.4,9.62,2.41,8.45,0.71,16499.14,841.34,1340.62,154.54,0.23,52.56,38.6,9.62,45.49,33.79,64.09,83.04,1.13,2.68,2.53,1.11,9.78,16049.12,588.27,6840.27,Edmonton,Canada
23,"Amsterdam, Netherlands",15,65,8,5,2.35,1.96,1.02,1.43,2.64,11.93,7,3.2,8.79,1.66,25505,1584.45,2683.74,169.18,0.18,40.47,36.67,12,84.49,37.62,93.85,133.43,2.35,2.27,1.9,1.75,13.68,26696.43,1542.42,13010.39,Amsterdam,Netherlands
24,"Belgrade, Serbia",5.39,24.62,5.09,1.7,1.34,0.92,0.79,0.42,1.37,5.03,2.8,0.76,4.51,1.35,17828.77,341.08,652.24,135.76,0.1,21.45,24.61,4.24,65.5,27.28,74.8,92.13,0.55,0.72,1.09,0.98,6.65,17474.32,245.94,4803.12,Belgrade,Serbia
25,"Odessa, Ukraine",5.65,20.67,3.67,0.94,0.57,0.42,0.97,0.45,1.18,6.61,1.51,0.26,3.92,1.09,21584.23,344.01,599.79,94.58,0.03,5.73,20.84,4.52,74.37,50.34,97.01,107.27,0.26,0.65,0.97,1.05,5.65,21373.22,210.98,2358.66,Odessa,Ukraine
26,"Paris, France",15,50,8.7,7,3.14,2.19,1.24,1.52,3.4,18.14,8.8,1.9,12.98,1.56,21500,1177.51,2597.17,170.29,0.19,27.15,39.98,11,86.04,36,92.46,135,1.35,3.04,1.79,2.11,18.89,24250,877.75,12939.69,Paris,France
27,"Eindhoven, Netherlands",15,56.5,8,5,2.41,1.99,0.93,1.09,2.44,10.23,7,3.99,8.44,1.62,24830,965.16,1513.54,168.08,0.11,36.18,24.24,12,81.36,29.35,78.11,110.76,3,2.23,1.87,1.7,14.64,25728.62,1221.3,4787.5,Eindhoven,Netherlands
28,"Plovdiv, Bulgaria",5.1,20.42,4.59,1.28,0.95,0.64,1.03,0.56,1.53,5.03,2.81,0.51,4.73,1.15,17863.74,240.77,412.1,79.71,0.14,11.57,24.85,5.61,42.91,24.77,69.62,66.04,0.43,0.89,1.08,1.3,6.03,17879.91,225.8,3725.87,Plovdiv,Bulgaria
29,"Thessaloniki, Greece",10,35,6.5,3.5,1.46,0.5,1.11,0.91,3.03,7.52,4.5,1,6.68,1.56,18500,336.96,543.56,160.39,0.44,30.22,31.3,8,74.39,27.6,71.64,87.5,1,1.15,1.52,1.47,8.26,18173.5,301.04,6775,Thessaloniki,Greece
30,"Ottawa, Canada",11,55,6.87,4.81,1.39,1.18,1.44,1.94,2.08,8.14,9.97,2.41,9.04,0.81,17186.61,961.81,1642.15,102.76,0.18,43.85,40.21,9.62,45.53,34.91,72.18,99.17,1.21,2.7,2.42,1.06,10.43,16072.54,782.15,9040.16,Ottawa,Canada
31,"Sofia, Bulgaria",6.14,25.57,4.6,1.53,0.84,0.59,1.04,0.56,1.73,5.99,2.86,0.82,5.01,1.16,19518.73,370.72,665.27,89.74,0.15,10.38,24.34,6.14,55.98,27.08,67.24,71.3,0.41,1.01,1.08,1.28,7.33,18183.2,325.23,4753.12,Sofia,Bulgaria
32,"Rotterdam, Netherlands",13,50,8,4,2.09,1.59,0.89,1.12,2.2,9.64,7,4,7.9,1.65,23600,1103.13,1845.83,153.76,0.13,38.2,28.8,12,84.5,31.55,85.25,130.28,2.17,2.09,1.7,1.73,12.69,23899,1116.67,10142.86,Rotterdam,Netherlands
33,"Varna, Bulgaria",6.12,20.42,4.08,1.02,0.87,0.54,1.02,0.51,1.5,4.91,2.81,0.51,4.5,1.12,18374.14,235.36,440.04,75.54,0.13,11.2,22.19,6.12,38.91,25.6,58.15,63.31,0.45,1.01,1.05,1.39,7.4,17065.34,263.81,3585.51,Varna,Bulgaria
34,"Novi Sad, Serbia",4.84,17.85,4.42,1.5,1.15,0.78,0.76,0.43,1.24,4.62,2.72,0.55,4.3,1.34,20402.08,262.4,451.15,122.93,0.09,19.3,22.89,3.4,61.05,31.26,71.99,82.88,0.48,0.71,1.03,1.1,5.87,17816.21,167.1,2644.23,Novi Sad,Serbia
35,"Utrecht, Netherlands",15,65,8,5,2.53,1.99,0.92,1.15,2.45,10.49,7,2.6,8.39,1.66,23000,1135.77,1944.44,193.84,0.15,35.06,28.05,11,100.8,37.56,91.65,123.76,2.2,2.19,1.92,1.93,15.66,33271.6,1450,6125,Utrecht,Netherlands
36,"Berlin, Germany",8.5,40,7,3.5,2.02,1.73,0.8,1.34,1.9,8.12,6.4,2.8,6.95,1.44,19520,896.5,1681.19,231.8,0.1,29.08,26.39,10,81.47,31.93,81.71,104.49,2,2.15,1.76,1.47,11.24,19749,177.88,6829.05,Berlin,Germany
37,"Beirut, Lebanon",8.98,53.91,7.19,3.22,0.74,0.39,1.89,0.86,2.59,9.51,2.19,1.19,7.33,0.8,19766.67,719.35,1647.29,122.43,0.29,49.74,65.66,8.98,58.37,42.06,99,102.15,1.8,1.71,1.46,1.2,11.51,18766.59,348.27,4684.61,Beirut,Lebanon
38,"Austin, TX, United States",13.48,44.92,7.19,4.49,1.87,1.37,0.75,2.4,2.24,9.01,6.06,1.12,7.26,0.56,19627.4,1581.66,2750.15,124.12,0.09,55.38,34.53,10.78,39.01,33.93,67.69,88.55,1.51,4.02,2.6,1.04,10.6,18743.38,890.67,17537.93,Austin,United States
39,"Singapore, Singapore",8.33,39.98,5.33,6.66,1.25,0.91,2.04,1.5,1.97,12.38,9.33,1.2,5.88,1.5,76598.98,1859.98,3509.54,97.79,0.14,28.85,88.55,8.66,61.63,33.52,81.17,93.88,0.37,3,2.01,2.22,11.35,67345.1,773.41,18581.67,Singapore,Singapore
40,"Toronto, Canada",13.75,55,7.56,5.16,1.64,1.24,1.94,1.99,2.27,13.71,10.31,2.23,9.73,0.83,18011.56,1474.75,2401.86,95.48,0.26,44.42,37.38,10.31,47.84,31.55,73.58,91.59,1.26,2.84,2.46,1.22,14.8,17570.16,1022.99,17653.1,Toronto,Canada
41,"Auckland, New Zealand",11.95,50.78,6.57,5.68,2,1.89,1.59,1.42,2.82,5.8,17.92,2.24,7.54,1.33,20909.09,1127.81,2002.12,99.55,0.31,49.79,37.68,10.75,63.43,33.45,83.44,101.35,1.49,2.23,1.68,1.7,10.36,17575.02,704.18,12204.08,Auckland,New Zealand
42,"Podgorica, Montenegro",5,25,3,1.5,1.68,1.04,0.79,0.53,1.42,4.89,3.2,0.9,5.17,1.34,16990,307.27,553.57,103.09,0.13,23.52,30,5,56.9,31.14,72.86,83.54,0.5,0.7,1.12,1.13,7.58,17648.57,133.33,8400,Podgorica,Montenegro
43,"Vancouver, Canada",11.69,55,6.87,4.81,1.4,1.26,1.63,2.36,2.71,11.49,10.31,2.06,10.61,1.07,17186.61,1424.9,2586.43,62.72,0.25,48.94,35.6,10.31,47.41,35.88,72.71,97.36,1.3,2.7,2.87,1.28,12.43,16057.11,849.75,14093.02,Vancouver,Canada
44,"Tokyo, Japan",8.19,40.97,5.7,4.1,1.2,0.87,1.55,1.54,1.95,9.64,4.1,1.56,6.56,1.14,20769.54,1013.36,2270.89,162.41,0.37,38.33,77.29,14.75,58.4,37.28,71.31,120.05,3.44,6.58,5.04,2.81,19.66,18110.35,604.02,17051.34,Tokyo,Japan
45,"Victoria, Canada",12.05,49.93,6.89,4.82,1.55,1.41,1.53,2.16,2.51,8.83,9.64,1.72,10.94,0.98,17217.21,1047.12,1847.98,78.71,0.21,54.21,36.17,10.33,44.76,29.97,74.95,106.6,1.35,3.06,4.41,1.05,11.18,15784.74,710.97,10171.93,Victoria,Canada
46,"Winnipeg, Canada",10.31,41.25,6.8,4.12,1.49,1.26,1.21,1.71,2.17,6.95,11,2.03,9.04,0.77,17186.61,679.1,1000.58,87.74,0.19,48.43,34.77,8.94,41.31,28.48,64.95,75.29,1.18,2.61,2.62,1.17,9.21,16214.83,375.57,7763.44,Winnipeg,Canada
47,"Boston, MA, United States",13.47,62.85,7.18,6.29,1.75,1.53,0.78,2.62,2.34,12.75,9.88,2.22,11,0.66,19789.8,2275.95,3574.7,119.59,0.08,61.7,51.97,13.47,43.34,27.76,71.03,91.75,1.67,3.96,3.68,1.39,14.07,18411.02,1534.76,24642.48,Boston,United States
48,"Chicago, IL, United States",13.47,53.87,7.18,4.94,1.75,1.52,0.7,2.54,2.05,9.95,11.67,2.24,9.53,0.74,19614.71,1702.25,3168.97,117.08,0.16,57.23,42.52,11.67,45.28,35.06,73,96.56,1.26,4.47,3.92,1.47,12.4,18842.65,1025.73,15972.64,Chicago,United States
49,"Almaty, Kazakhstan",4.77,23.84,3.81,1.07,0.4,0.31,0.75,0.24,0.9,5.87,0.95,0.19,3.12,0.39,15494.56,288.22,565.15,58.48,0.03,10.47,39.41,3.58,44.78,38.14,74.49,86.52,0.35,1.04,0.8,1.23,5.49,17285.46,153.08,4428.44,Almaty,Kazakhstan
50,"Oslo, Norway",18.7,80.88,11.12,9,2.92,2.51,1.8,2.92,3.79,10.64,11.98,3.64,12.69,1.65,34626.88,1280.03,2080.65,158.58,0.08,45.73,42.44,14.15,92.08,37.59,97.4,132.04,1.42,2.56,2.43,2.21,25.58,31245.91,319.19,10981.56,Oslo,Norway
51,"Frankfurt, Germany",10,50,8,4,2.39,2.1,0.72,1.27,1.94,7.77,6.4,2.75,8.11,1.43,25000,986.97,1878.93,265.52,0.1,30.74,45.06,12,73.23,34.45,88.13,100.52,2,2.24,1.9,1.52,9.58,21048.75,374.56,12630,Frankfurt,Germany
52,"Bratislava, Slovakia",6,30,6,2,1.62,1.25,0.76,0.96,1.92,7.54,3.85,0.9,5.33,1.33,16000,635.45,1055.77,180.44,0.09,15.69,26.77,7.99,61.69,26.4,64.3,76.5,0.82,1.57,1.13,1.56,8.59,15734.55,400.4,8060,Bratislava,Slovakia
53,"Dallas, TX, United States",13.48,44.92,6.51,4.49,1.69,1.42,0.64,2.2,1.85,6.88,6.29,2.7,9.1,0.56,17071.22,1322.45,2476.25,139.51,0.13,59.67,32.58,10.78,36.03,39.5,70.62,89.32,1.06,3.7,3.54,1.07,9.9,17561.12,800.09,16891.52,Dallas,United States
54,"Zagreb, Croatia",6.72,33.58,5.37,2.01,1.91,1.32,0.87,0.86,2.04,7.62,4.03,0.54,6.79,1.35,19477.3,473.12,777.81,174.07,0.11,22.12,34.96,5.37,73.88,30.63,78.16,92.24,0.67,1.06,1.69,1.43,8.77,19816.57,144.52,3840.88,Zagreb,Croatia
55,"Hamburg, Germany",11,50,8,4,2.6,2.09,0.85,1.58,2,8.33,6.4,3.2,8.51,1.42,20000,873.12,1730,232.62,0.1,31.29,42,12,76.37,33.13,90.08,120.78,2,2.29,2.21,1.63,11.53,18687.14,279.09,13891.67,Hamburg,Germany
56,"Krakow (Cracow), Poland",5.91,23.62,4.72,2.13,1.09,0.96,0.61,0.76,1.67,5.51,3.78,0.9,3.99,1.2,18568.29,513.06,897.17,173.28,0.05,12.75,23.27,5.91,56.98,27.82,60.83,69.58,0.54,0.76,0.82,1.08,8.05,18145.28,195.09,6511.18,Krakow (Cracow),Poland
57,"Riga, Latvia",7,40,5,2.9,1.01,0.69,0.88,0.88,1.69,6.16,3.8,1.15,4.96,1.28,18000,385.07,698.49,172.23,0.09,16.2,34.77,8,60.72,33.49,69.47,85.56,0.64,1.04,1.38,1.31,6.87,17447.92,332.8,12155,Riga,Latvia
58,"Gdansk, Poland",5.91,23.62,4.25,2.13,1.1,0.9,0.59,0.67,1.97,5.75,3.78,0.76,3.91,1.19,18568.29,515,840.83,169.9,0.07,12.32,28.79,5.2,66.1,29.86,70.49,80.9,0.57,0.78,0.84,1.03,7.57,17406.43,189.82,3593.18,Gdansk,Poland
59,"Santiago, Chile",6.94,34.68,5.2,2.95,0.94,0.8,0.87,1.26,2.24,7.57,4.39,0.92,4.41,0.95,13870.83,369.11,701.83,89.62,0.11,29.58,26.45,5.78,44.51,23.96,49.88,68.12,1.16,1.41,1.04,1,7.67,12884.76,353.88,5825.36,Santiago,Chile
60,"Nairobi, Kenya",4.43,26.58,6.2,2.04,0.53,0.45,0.94,0.52,1.55,7.57,2.22,0.71,6.07,0.99,14620.32,383.88,832.14,46.9,0.03,51.91,45.4,7.09,22.49,23.63,54.02,46.33,1.77,2.37,1.67,1.06,4.6,13240.85,176.06,9069.26,Nairobi,Kenya
61,"Abu Dhabi, United Arab Emirates",6.12,48.92,6.24,9.78,0.8,0.29,1.53,1.2,2.29,8.56,5.14,0.49,5.73,0.54,20179.96,1167.16,2308.39,116.51,0.13,93.29,73.81,9.78,57.76,44.76,79.53,80.32,0.46,2.19,1.53,1.88,10.41,16818.27,532.13,9480.36,Abu Dhabi,United Arab Emirates
62,"Houston, TX, United States",13.48,53.91,6.74,5.39,1.81,1.59,0.68,2.03,1.92,8,6.29,1.12,6.45,0.57,20170.99,1258.81,2166.31,122.34,0.13,54.13,32.13,9.7,36.88,33.83,61.38,86.21,1.54,3.19,3.09,1.25,9.17,18944.36,806.88,18762.48,Houston,United States
63,"Tbilisi, Georgia",4.67,18.69,4.05,0.93,0.39,0.18,0.97,0.28,1.12,3.38,1.56,0.16,2.82,0.78,9343,306.63,625.77,52.69,0.08,14.09,30.29,4.49,52.06,29.84,73.33,82.53,0.23,0.74,0.91,1.13,5.23,11163.69,97.73,1914.46,Tbilisi,Georgia
64,"Dubai, United Arab Emirates",7.33,48.89,6.11,11,0.82,0.36,1.4,1.12,2.67,9.81,5.13,1.47,6.58,0.56,19555.79,1348.79,2749.41,156.63,0.11,90.42,71.73,9.78,56.09,46.54,85.37,87.23,0.49,1.97,1.68,1.59,10.75,17555.13,490.9,9343.89,Dubai,United Arab Emirates
65,"Bogota, Colombia",3.3,19.24,4.4,0.96,0.68,0.55,0.76,0.81,1.36,3.19,1.65,0.66,3.19,0.68,16488.6,341.45,608.02,76.59,0.05,29.06,23.8,3.85,48.26,31.9,69.88,66.61,1.37,1.83,0.82,0.71,4.31,19255.63,223.12,5386.28,Bogota,Colombia
66,"Brno, Czech Republic",5.95,25.19,5.16,1.39,1.19,0.89,0.71,0.89,1.65,7.35,4.17,0.99,5.83,1.29,17851.84,558.68,948.79,145.16,0.13,17.58,29.98,7.62,58.75,30.91,71.83,78.65,1.19,1.19,1.42,1.2,9.85,19466.46,332.95,5549.5,Brno,Czech Republic
67,"Munich, Germany",12,60,8,3.8,2.73,2.44,0.86,1.56,2.3,10.39,6.5,2.9,7.59,1.43,22500,1198,2191.11,242.66,0.1,34.09,34.69,12,76.44,32.85,84.29,124,1.9,2.26,1.8,1.79,12.24,20552.31,567.78,11166.67,Munich,Germany
68,"Poznan, Poland",5.9,23.61,4.72,2.01,0.92,0.71,0.63,0.7,1.87,5.6,3.74,0.94,3.61,1.2,18558.88,443.21,742.09,155.6,0.06,11.62,22.13,5.9,72.06,30.29,63.96,76.16,0.57,0.69,0.72,0.96,7.11,17368.45,197.95,3659.83,Poznan,Poland
69,"Las Vegas, NV, United States",13.47,53.87,7.18,5.39,1.45,1.06,0.7,1.81,1.64,7.05,7.17,1.8,5.68,0.76,18856.43,992.86,1665,138.51,0.19,64.64,23.03,10.77,39.76,30.57,66.91,82.55,1.54,2.86,2.98,1.32,10.05,19092.7,786.6,12507.1,Las Vegas,United States
70,"London, United Kingdom",17.49,64.15,7,5.83,1.66,1.31,1.13,1.27,2.39,7.87,12.83,2.92,7,1.51,23325.97,2015.24,3634.96,186.96,0.13,37.07,46.02,14,76.44,37.03,77.94,93.35,2.97,2.11,1.52,1.34,9.79,25282.88,1605.65,21240,London,United Kingdom
71,"Los Angeles, CA, United States",13.47,58.36,7.18,5.39,2.03,1.59,0.87,2.99,2.91,9.48,8.87,1.57,9.9,0.94,19753.89,1980.11,3611.37,111.99,0.11,55.74,36.78,13.47,44.31,30.85,70.02,94.26,1.67,3.93,3.25,1.81,11.6,18702.58,951.17,19335.55,Los Angeles,United States
72,"Panama City, Panama",8.98,35.94,6.06,2.58,1.14,0.92,1.38,1.79,1.95,10.27,4.69,0.22,6.55,0.72,16172.73,811.63,1387.66,90.98,0.11,41.58,40.47,5.39,44.34,32.52,59.09,76.53,1.8,3.26,1.51,1.44,9.79,17281.6,231.77,6092.58,Panama City,Panama
73,"Seoul, South Korea",6.42,31.11,5.06,3.11,1.33,0.75,1.95,2.47,2.67,17.41,3.5,0.97,7.48,1.18,24887.49,714.76,1903.9,150.79,0.11,19.76,55.64,7.78,58.75,41.24,75.4,119.08,0.59,6.7,3.61,3.5,29.31,21511.36,323.08,16410.38,Seoul,South Korea
74,"Warsaw, Poland",5.91,28.35,4.72,2.36,0.99,0.8,0.63,0.76,1.86,6.61,3.9,1.04,4.27,1.19,18568.29,616.05,1071.69,147.35,0.06,12.7,25.97,7.09,66.64,35.36,71.72,85.27,0.57,0.73,0.87,1.07,9.74,18629.93,327.54,7943.07,Warsaw,Poland
75,"Prague, Czech Republic",5.95,29.75,5.55,1.59,1.24,0.92,0.77,0.98,1.7,8.05,4.05,0.95,6.07,1.29,17812.17,805.86,1294.8,177.27,0.13,19.95,34.67,7.93,71.75,33.18,72.06,90.95,1.11,1.25,1.42,1.22,9.25,17568.31,480.35,8672.3,Prague,Czech Republic
76,"Wroclaw, Poland",5.91,25.99,4.72,1.89,0.97,0.75,0.56,0.75,1.9,5.91,3.78,0.8,4.01,1.19,16772.88,517.55,843.34,162.51,0.06,12.26,22.14,5.91,63.32,30.61,64.57,77.59,0.59,0.68,0.83,1.06,8.2,18141.8,255.31,6726.13,Wroclaw,Poland
77,"Kuala Lumpur, Malaysia",2.87,16.6,3.32,3.32,0.59,0.34,1.45,0.74,1.19,9.39,3.85,0.55,2.64,0.47,33823.9,478.24,845.42,48.02,0.06,26.76,38.52,3.98,49.78,28.57,62.03,59.53,0.44,2.41,1.05,1.34,7.35,25033.13,167.18,6040.38,Kuala Lumpur,Malaysia
78,"New York, NY, United States",17.97,76.37,8.09,6.29,1.85,1.59,1.04,3.33,3.28,14.21,13.48,2.47,12.37,0.71,19627.4,2854.26,5574.89,116.65,0.09,55.18,67.04,14.38,47.04,34.37,75.39,113.98,1.59,5.63,5.7,2.17,13.56,18118.42,2106.38,34441.93,New York,United States
79,"Copenhagen, Denmark",17.4,80.29,10.04,6.69,3.02,2.22,1.21,2.75,3.07,10.5,6.02,3.21,8.7,1.5,33453.16,1234.4,2210.96,196.67,0.12,34.45,36.85,14.72,102.61,38.2,101.26,129.68,2.01,2.44,1.98,2.25,11.38,32048.06,429.52,7549.8,Copenhagen,Denmark
80,"Ljubljana, Slovenia",8,35,5,2.6,2.15,1.58,0.91,1.08,2.29,10.36,4.1,1.3,7.69,1.3,19000,579.89,1063.75,199.61,0.07,33,40.61,6.78,62.23,29.24,76.41,90.59,0.9,1.36,1.46,1.21,9.42,19070.45,368.78,10118.75,Ljubljana,Slovenia
81,"Chandigarh, India",2.54,10.16,3.3,1.9,0.35,0.22,0.7,0.44,0.78,4.87,3.81,0.25,3.58,0.91,10791.47,149.06,360.85,60.44,0.01,10.73,18.59,3.17,32.44,41.29,50.11,36.31,0.15,1.8,0.9,0.76,5.95,21138.58,48.37,1743.81,Chandigarh,India
82,"Colombo, Sri Lanka",1.49,14.9,4.22,1.49,0.56,0.22,1.09,0.42,1.08,10.49,5.96,0.12,3.56,0.71,24834.98,325.83,768.96,37.91,0.01,13.95,15.47,3.48,25.09,18.11,50.58,28.05,0.25,2.4,0.52,0.83,5.25,32151.75,45.28,788.02,Colombo,Sri Lanka
83,"Noida, India",3.8,12.66,3.16,1.39,0.39,0.17,0.61,0.4,0.84,2.96,3.16,0.51,3,0.94,10124.87,153.28,344.64,61.65,0.01,11.58,22.23,3.8,29.16,33.33,52.08,33.12,0.15,1.81,1.02,0.7,4.51,20946.7,87.89,2190.01,Noida,India
84,"Kaunas, Lithuania",6,30,5,2.7,1.31,1.11,0.85,1.13,1.53,7.12,3.75,1,5.07,1.18,18000,359.31,616.67,122.48,0.06,10.14,27.64,7,69.4,30.12,71.96,96,0.55,0.88,1.12,1.03,7.12,18406.01,308.57,6000,Kaunas,Lithuania
85,"Athens, Greece",10,40,6,4,1.54,0.5,1.23,0.79,2.92,8.38,4.5,1.4,7.06,1.59,18000,377.05,677,138.77,0.34,31.08,28.6,8,71.23,28.6,78.22,92.58,0.74,1.34,1.7,1.44,9.27,18860.32,366.83,7385.58,Athens,Greece
86,"Phoenix, AZ, United States",10.77,53.87,6.73,3.59,1.53,1.07,0.51,2.18,1.85,9.65,6.73,1.8,7.9,0.7,19156.78,1092.25,1657.74,161.5,0.1,67.23,27.66,9.88,35.14,30.88,66.48,82.84,1.24,2.93,4.53,1.38,9.6,18257.94,678.35,13498.49,Phoenix,United States
87,"Hong Kong, Hong Kong",5.78,46.26,4.05,5.78,1.01,0.9,2.54,1.84,2.75,19.15,6.82,1.16,9.24,1.96,28915.3,2041.88,4516.75,176.27,0.08,21.61,68.37,11.57,70.72,30.29,79.41,115.84,0.98,3.07,1.82,2.06,14.93,25340.81,640.36,16701.41,Hong Kong,Hong Kong
88,"Portland, OR, United States",12.58,44.92,6.74,4.49,1.78,1.35,0.78,2.83,2.62,12.78,6.29,2.25,9.98,0.77,21563.64,1399.8,2472.7,150.98,0.12,60.86,39.9,10.78,45.22,34.47,72.05,86.29,1.45,4.7,3.91,1.3,14.63,20494.34,1076.09,16387.06,Portland,United States
89,"Lisbon, Portugal",8.5,35,6,2,1.35,0.99,0.65,1.11,1.67,7.58,5,1.5,5.23,1.56,25000,886.21,1697.7,99.29,0.21,32.35,34.6,7,79.84,30.18,76.47,90.45,0.47,1.48,0.9,1.06,9.48,24381.58,421.38,7840.74,Lisbon,Portugal
90,"Beijing, China",3.91,26.04,4.56,1.95,0.47,0.3,1.7,1.6,1.68,15.07,2.6,0.52,3.15,0.93,18230.92,946.89,1986.46,55.03,0.03,12.43,42.04,6.51,61.02,32.26,69.56,89.59,0.3,1.7,1.13,1.28,7.69,15336.76,625.68,20125.06,Beijing,China
91,"Cape Town, South Africa",8.91,35.81,3.74,2.18,0.84,0.66,0.91,0.86,1.95,6.46,2.49,0.93,5.23,0.98,18683.75,695.92,1431.46,62.35,0.1,61.33,34.45,5.29,47.07,30.1,83.98,73.81,0.62,1.49,1.45,1.25,6.78,17607.3,186.87,3441.21,Cape Town,South Africa
92,"Tirana, Albania",4.1,24.62,4.76,1.27,1.07,0.54,1.07,0.61,1.47,5.45,2.63,0.33,4.18,1.46,16413.03,296.37,578.83,68.27,0.21,19.18,29.49,4.92,40.27,31.76,71.81,85.26,2,0.89,1.09,1.32,6.89,17174.1,127.15,2323.77,Tirana,Albania
93,"Porto, Portugal",7,30,6,2,1.34,0.99,0.67,1.25,1.79,6.3,5,1.27,5.38,1.53,25900,682.5,1281.43,101.15,0.15,31.12,32.22,6.95,84.43,29.37,68.5,74.45,0.48,1.71,0.86,1.2,9.41,24087.5,324,5992.86,Porto,Portugal
94,"Durban, South Africa",7.47,25.53,3.74,1.62,0.79,0.63,0.87,0.79,1.52,5.84,2.49,0.93,3.94,0.97,17242.92,302.38,583.09,76.88,0.12,58.2,27.15,5.29,43.79,28.21,75.01,82.04,0.75,1.25,1.11,0.98,5.72,17400.43,159.71,3425.69,Durban,South Africa
95,"Budapest, Hungary",5.99,29.96,4.79,1.5,1.01,0.82,0.7,0.69,1.49,5.67,4.04,1.05,4.37,1.19,17376.41,480.55,920.02,147.94,0.08,13.06,37.85,5.39,58.08,27.52,68.09,78.72,0.9,1.03,1.02,1.28,7.62,18153.92,273.3,6677.13,Budapest,Hungary
96,"Vilnius, Lithuania",7,35,5,3,1.5,1.24,0.86,0.97,1.53,6.82,3.95,1,4.52,1.2,17500,488.14,840,115.86,0.08,11.03,27.61,7,50.87,35.79,72.82,96.96,0.6,0.84,1.41,1,6.47,17570,345,7031.25,Vilnius,Lithuania
97,"Johannesburg, South Africa",8.47,31.37,3.45,1.73,0.9,0.71,1,0.85,1.91,6.45,2.82,1.88,4.59,1.01,18824,421.71,854.92,83.28,0.11,59.93,33.16,5.65,48.59,29.92,72.83,72.78,0.72,1.38,1.25,1.13,6,18124.04,217.14,4754.58,Johannesburg,South Africa
98,"Barcelona, Spain",11,40,7,2.5,1.63,1.22,0.86,0.99,1.56,10.88,5,2.15,6.46,1.33,22000,950.28,1502.94,136.65,0.13,42.57,41.14,8.5,72.91,25.34,79.48,92.5,1.15,1.73,1.02,1.53,10.26,20971.43,438.89,7885,Barcelona,Spain
99,"San Diego, CA, United States",13.48,53.91,6.74,5.39,1.74,1.39,0.88,3.27,3.2,10.03,7.19,2.25,8.4,0.92,20665.15,1816.1,3254.51,123.99,0.17,56.97,32.62,12.58,43.37,32.83,69.96,101.32,1.67,3.31,3.96,1.6,10.74,18876.87,967.85,16232.63,San Diego,United States
100,"San Francisco, CA, United States",15.95,71.88,8.98,6.29,2.26,1.72,0.98,3.12,2.82,15.47,10.78,2.47,12.11,0.95,19802.61,3131.06,5661.53,127.73,0.09,60,77.08,13.48,55.68,38.39,77.2,134.75,1.95,4.38,4.15,1.79,14.53,20177.73,1959.36,25657.74,San Francisco,United States
101,"Lima, Peru",3.26,21.71,4.21,1.9,0.69,0.48,1.26,1.44,1.73,6.94,3.66,0.41,4.3,1.04,15479.65,435.67,847.79,63.97,0.17,34.82,48.84,5.43,42.44,30.68,68.69,69.89,1.36,1.62,0.96,1.16,7.21,16586.24,222.68,5049.27,Lima,Peru
102,"Seattle, WA, United States",13.48,62.89,7.19,5.39,1.97,1.52,0.77,2.76,2.4,14.42,9.66,2.47,11.23,0.84,22462.12,1919.17,3199.48,144.15,0.09,58.46,48.94,13.48,42.55,35.25,75.86,111.44,1.51,4.69,4.1,1.67,13.11,20472.62,1568.61,19730.73,Seattle,United States
103,"Brasov, Romania",6.27,20.91,4.18,1.25,1.07,0.9,0.91,0.57,1.87,5.78,3.71,0.52,3.97,1.2,15960,304.39,468.59,100.39,0.02,7.53,29.81,6.27,46.69,32.2,56.44,63.31,0.43,0.68,1.07,1.07,6.97,17335.45,225.24,4127.26,Brasov,Romania
104,"Bucharest, Romania",6.28,27.21,4.19,1.78,1.39,1.22,1.02,0.58,2.07,5.25,3.98,0.27,4.48,1.2,16534.62,401.41,670.59,89.13,0.07,8.47,35.84,6.28,59.55,30.88,64.38,73.59,0.42,0.9,1.09,1.2,6.88,18299.48,321.02,6232.03,Bucharest,Romania
105,"Tashkent, Uzbekistan",3.59,15.72,2.7,0.9,0.54,0.21,0.64,0.15,0.92,3.73,1.17,0.13,2.35,0.46,17071.22,209.86,449.24,31.53,0.02,35.48,24.77,3.59,35.25,32.67,68.86,61.57,0.18,0.93,0.82,1.79,4.76,19227.58,125.64,3996.17,Tashkent,Uzbekistan
106,"Ahmedabad, India",1.9,8.86,3.16,1.9,0.39,0.19,0.64,0.45,0.83,5.83,3.16,0.25,3.39,0.91,10757.68,199.17,366.69,47.94,0.01,7.34,18.18,3.16,25.76,31.09,42.83,29.11,0.19,1.48,0.74,0.48,5.7,20809.53,51.34,1218.73,Ahmedabad,India
107,"Cluj-Napoca, Romania",5.23,23,4.18,1.57,1.14,1,0.98,0.64,2.01,5.55,3.87,0.52,4.22,1.21,15681.1,387.79,698.74,91.85,0.07,7.34,26.21,5.23,49.15,29.63,63.06,69.49,0.48,0.72,0.89,1.05,6.32,16513.42,262.05,4327.18,Cluj-Napoca,Romania
108,"Madrid, Spain",12,40,8,3,1.71,1.3,0.83,1.05,1.65,9.87,5,1.5,6.23,1.34,20000,933.23,1643.28,119.87,0.17,41.89,35.57,9,71,26.98,71.17,86.22,1.1,1.75,1.03,1.7,10.71,21470.45,442.96,7353.81,Madrid,Spain
109,"Tallinn, Estonia",8,45,6,4,1.83,1.45,0.7,0.87,1.58,7.2,4.25,2,5.28,1.35,17600,533.33,869.29,175.25,0.04,22.88,45.44,8,71.23,30.54,67.16,88.33,0.5,1.13,1.39,1.06,8.34,17310.65,250.94,7666.24,Tallinn,Estonia
110,"Bangalore, India",2.53,12.66,3.16,1.9,0.44,0.19,0.53,0.44,0.81,5.79,3.8,0.38,3,0.98,11390.48,213.5,545.83,22.24,0.01,12.42,20,3.8,29.66,27.71,42.78,35.07,0.23,2.08,0.68,0.68,4.42,22444.75,87.82,2473.25,Bangalore,India
111,"Iasi, Romania",5.23,20.93,4.19,1.26,1.16,0.92,0.9,0.54,1.97,4.74,3.77,0.52,4.21,1.19,15697.62,272.07,479.23,115.11,0.07,6.8,28.32,5.02,52.92,31.39,56.2,63.36,0.52,0.76,0.95,1.08,6.17,16999.32,216.07,3218.01,Iasi,Romania
112,"Chennai, India",1.52,7.59,3.35,1.9,0.42,0.19,0.6,0.41,0.75,4.88,3.8,0.25,2.8,0.98,11390.48,163.9,398.88,35.72,0.01,11.19,17.63,2.53,26.94,23.73,38.55,29.83,0.19,2.03,0.67,0.78,4.17,21604.75,51.12,1470.3,Chennai,India
113,"Doha, Qatar",6.18,49.47,6.18,11.13,0.65,0.28,1.62,1.4,2.53,8.09,5.19,0.74,6.07,0.48,17315.57,1320.12,2500,64.59,0.15,78.31,95.89,8.66,55.34,46.12,83.76,78.59,0.47,1.8,1.43,1.4,8.98,16539.84,537.35,8918.89,Doha,Qatar
114,"Delhi, India",3.8,15.19,3.16,1.9,0.42,0.19,0.64,0.4,0.87,4.22,3.8,0.38,3.35,0.94,10124.87,200.32,491.27,51.68,0.01,9.76,21.35,3.8,30.56,33.54,47.87,37.65,0.19,1.63,0.79,0.67,5.19,21350.29,68.71,1674.83,Delhi,India
115,"Gurgaon, India",3.8,12.66,3.16,1.96,0.39,0.2,0.63,0.4,1.01,4.37,3.8,0.51,3.39,0.94,10757.68,238.36,569.92,63.53,0.01,12.81,29.15,4.43,33.43,39.62,54.08,43.62,0.16,2.02,0.9,0.71,6.04,22201.55,104.09,2512.76,Gurgaon,India
116,"Valencia, Spain",8.75,35,7,2,1.51,1.04,0.67,0.81,1.52,10.83,5,1.5,5.92,1.3,18000,672.08,1053.57,113.44,0.18,35.26,31.35,8,69,29.32,65.48,88.33,1.08,1.51,0.88,1.34,10.42,18714.29,405.64,7422.22,Valencia,Spain
117,"Vienna, Austria",10,45,7.25,4,2.77,2.05,1.03,1.75,2.55,10.41,5.5,2.4,8.95,1.24,22700,858.37,1584.2,158.45,0.04,30.86,27.44,10,78.53,32.94,81.5,108.19,1.42,1.99,1.26,1.67,14.3,22357.62,211.88,16035.71,Vienna,Austria
118,"Hyderabad, India",1.9,8.86,3.8,1.52,0.42,0.18,0.62,0.45,0.78,5.11,3.8,0.25,3.02,0.98,11517.04,156.95,392.34,21.79,0.01,9.47,18.1,2.53,26.6,26.36,41.62,32.19,0.19,1.94,0.65,0.57,4.16,21345.77,60.32,1715.91,Hyderabad,India
119,"Montevideo, Uruguay",8.41,31.23,6.96,1.92,1.25,1.01,0.67,1.69,2.04,7.55,3.6,0.91,6.19,1.31,26432.17,428.25,727.77,98.22,0.16,28.65,40.13,7.21,66.95,32.38,81.63,92.51,0.62,1.52,1.01,1.81,7.1,28427.94,275.58,5749.21,Montevideo,Uruguay
120,"Tel Aviv-Yafo, Israel",15.54,64.75,12.95,7.77,2.37,1.82,1.54,2.24,3.19,12.84,9.07,1.53,9.41,1.64,34966.12,1326.91,2192.51,197.25,0.04,24.84,67.82,10.36,86.54,46.73,114.41,114.91,0.96,2.67,2.25,2.26,19.92,34787.86,837.46,9237.96,Tel Aviv-Yafo,Israel
121,"Timisoara, Romania",5.23,20.91,4.18,1.25,0.99,0.83,0.92,0.68,2.11,4.33,3.61,0.52,4.06,1.19,15960,287.68,531.19,95.29,0.03,7.53,25.3,5.23,45.43,25.72,60.43,71.72,0.52,0.74,0.89,1.07,7.42,16218.73,256.78,3668.81,Timisoara,Romania
122,"Taipei, Taiwan",3.61,24.04,3.91,1.77,0.8,0.59,2.64,1.63,2.24,17,3.31,0.6,7.79,0.88,27049.67,487.78,1084.45,68.8,0.13,20.55,40.35,9.02,60.58,31,78.11,105.25,0.75,4.43,3.05,1.93,18.99,20708.03,464.55,10610.54,Taipei,Taiwan
123,"Kolkata, India",2.53,10.76,3.79,1.87,0.35,0.14,0.5,0.29,0.78,4.29,3.8,0.13,2.43,0.96,10757.68,138.31,321.93,29.47,0.01,7.72,15.18,3.16,29.84,29.48,41.37,30.39,0.22,1.63,0.59,0.6,4.15,19667.56,37.06,1126.1,Kolkata,India
124,"Skopje, Macedonia",4.87,16.25,3.25,1.62,1.27,0.76,0.84,0.47,1.38,5.33,2.27,0.57,4.58,1.1,16978.82,233.43,418.35,107.26,0.1,15.11,22.03,4.06,48.85,27.86,66.37,73.57,0.41,0.73,1.05,0.94,6.6,17796.64,167.42,3238.83,Skopje,Macedonia
125,"Shanghai, China",4.56,26.04,4.56,1.3,0.56,0.33,2.39,1.76,2.3,13.48,2.73,0.52,4.4,0.92,18230.92,970.31,2220.7,51.7,0.03,14.26,44.9,7.81,60.73,33,82.77,97.81,0.39,2.19,1.13,1.56,12.53,17412.39,676.74,22470.47,Shanghai,China
126,"Bangkok, Thailand",1.78,23.74,5.04,2.37,0.51,0.27,1.51,0.99,1.67,19.58,4.38,1.04,2.7,0.89,38574.86,611.26,1819.06,88.89,0.05,20.69,61.07,7.42,55.13,33.3,88.52,85.25,0.25,2.81,1.2,1.16,12.62,25233.71,244.68,13741.17,Bangkok,Thailand
127,"Mumbai, India",3.8,15.19,3.8,2.28,0.45,0.17,0.68,0.41,0.84,5.11,3.8,0.25,3.28,1,10757.68,515.42,1443.43,47.45,0.01,9.09,24.63,3.8,31.35,29.83,47.14,35.47,0.28,1.85,0.73,0.65,4.16,20378.51,63.14,2070.3,Mumbai,India
128,"Reykjavik, Iceland",17.96,109.16,11.64,8.73,2.61,1.92,1.2,2.91,4.8,12.29,10.18,3.42,14.72,1.63,26126.4,1458.29,2332,88.14,0.15,59.63,54.44,11.57,108.5,45.09,126.37,164.79,2.28,2.09,2.37,1.66,20.84,30138.76,245.58,6731.73,Reykjavik,Iceland
129,"Amman, Jordan",6.34,38.02,6.34,6.34,0.47,0.34,1.49,0.43,1.89,7.3,3.17,0.63,6.06,1.07,30414.16,373.84,619.69,80.62,0.05,38.86,56.38,10.14,59.21,59.53,84.76,84.4,0.39,1.88,1.43,1.6,10.96,26341.51,240.53,4568.62,Amman,Jordan
130,"Pune, India",3.16,12.66,3.16,2.28,0.44,0.18,0.63,0.44,0.85,5.77,3.8,0.25,3.01,1,11390.48,205.68,400.17,26.65,0.01,11.7,16.08,3.54,34.41,31.74,46.57,37.77,0.23,2.05,0.7,0.68,4.74,21438.9,71.29,1467.45,Pune,India
131,"Stockholm, Sweden",11.4,66.47,7.6,6.55,2.3,1.97,1.16,2.18,2.81,8.17,6.17,3.8,9.81,1.49,20354.4,1167.36,1930.04,75.9,0.12,27.98,37.83,12.82,85.93,33.52,92.5,126.6,1.31,2.47,2.43,2.21,14.86,20991.58,116.13,5785.11,Stockholm,Sweden
132,"Buenos Aires, Argentina",5.99,20.97,4.94,1.5,0.94,0.73,0.81,1.1,1.35,5.74,1.62,0.3,3.69,0.79,16200.77,245.13,436.43,68.07,0.13,24.79,25.9,5.99,49.47,39.77,65.38,65.54,0.34,1.02,0.77,1.13,4.71,16555.15,162.72,3114.28,Buenos Aires,Argentina
133,"Minsk, Belarus",8.93,27.95,4.49,1.8,0.66,0.49,0.68,0.56,1.11,5.44,1.37,0.27,3.34,0.71,13477.27,376.92,593.05,48.29,0.04,12.84,31.85,4.04,57.87,34.32,86.17,83.35,0.25,0.95,1.02,1.13,6.11,17670.15,402.08,5345.2,Minsk,Belarus
134,"San Jose, Costa Rica",6.29,42.47,6.29,2.36,1.37,1.18,1.23,1.69,2.5,5.94,3.46,0.63,7.01,1,20446.99,461.72,884.11,65.12,0.06,65.3,53.68,5.5,60.21,43.17,87.4,86.8,1.04,3.76,1.82,1.29,8.87,23528.04,322.57,7231.91,San Jose,Costa Rica
135,"Casablanca, Morocco",4.45,20.63,5.16,2.58,0.46,0.3,0.67,0.84,1.2,7.19,3.28,0.47,4.39,0.97,20632.89,386.18,793.74,35.74,0.13,31.63,24.49,5.63,44.09,34.81,73.19,77.22,0.68,1.33,1.09,1.21,7.43,19226.1,142.24,4031.18,Casablanca,Morocco
136,"Lodz, Poland",4.72,23.61,4.25,1.77,0.99,0.79,0.55,0.61,1.76,5.53,3.78,0.66,3.77,1.17,18558.88,362.66,593.51,172.01,0.06,12.53,26.35,5.9,57.47,26.98,63.26,63.83,0.47,0.66,0.82,0.98,7.2,17681.61,230.29,3407.97,Lodz,Poland
137,"Montreal, Canada",10.31,44.69,6.87,4.81,1.5,1.16,1.4,2.39,2.23,12.14,8.25,2.41,10.8,0.88,16499.14,871.26,1481.25,66.62,0.23,42.59,23.04,8.94,44.12,31.69,68.19,82.98,1.2,2.55,2.09,1.33,11.84,15522.12,450.09,5704.32,Montreal,Canada
138,"Sao Paulo, Brazil",6.58,28.51,5.92,1.97,1.1,0.69,0.74,1.35,1.62,7.78,2.19,0.94,2.76,0.92,20133.28,448.08,879.31,54.21,0.37,24.2,25.41,7.68,40.04,35.07,71.26,54.2,0.6,1.44,0.91,1.08,6.13,19475.33,382.48,10102.57,Sao Paulo,Brazil
139,"Gothenburg, Sweden",10.45,75.97,7.6,6.31,2.22,1.76,1.1,2.32,2.53,8.89,6.17,2.66,9.16,1.49,18991.75,952.59,1561.88,51.69,0.08,30.42,32.03,12.34,77.49,36.36,74.2,108.28,1.36,2.4,2.31,2,14.08,18262.15,127.02,1660.95,Gothenburg,Sweden
140,"Dublin, Ireland",15,60,8,5.8,1.8,1.59,0.95,1.42,2.79,7.51,12.7,3,8.35,1.44,24000,1692.24,2964.36,169.12,0.26,54.01,40.22,12,77.61,35.45,85.42,95.52,1.35,2.09,1.59,1.9,9.24,25618.07,1041.49,8078.42,Dublin,Ireland
141,"Moscow, Russia",8.8,36.69,4.4,2.93,0.8,0.51,1.03,0.62,1.26,9.03,2.2,0.73,4.13,0.68,20969.6,888.23,1840.45,126.36,0.03,6.79,41.55,6.6,83.46,44.54,88.3,111.66,0.21,1.28,1.09,0.97,7.72,19737.85,523.31,10478.53,Moscow,Russia
142,"Santo Domingo, Dominican Republic",5.1,34.01,5.1,1.7,0.79,0.46,1.03,1.23,1.64,6.01,3.4,0.43,4.47,1.05,20780.4,381.17,754.18,53.67,0.15,50.03,22.49,5.1,43.59,45.87,73.9,79.85,2.55,1.75,0.93,0.63,6.78,20430.09,152.38,5318.02,Santo Domingo,Dominican Republic
143,"Adelaide, Australia",11.19,40.39,6.84,4.97,2.15,1.72,0.97,1.44,2.5,5.91,18.64,2.36,6.45,0.93,15534.8,817.81,1369.39,119.44,0.32,41.95,34.05,9.32,56.55,35.4,75.21,76.91,1.16,2.63,1.61,2.11,10.09,15167.61,396.25,8815.92,Adelaide,Australia
144,"Zurich, Switzerland",23.12,92.46,12.94,6.24,3.87,3.21,1.58,2.88,5.33,22.63,7.86,3.88,25.23,1.53,22606.84,1701.77,3099.86,162.87,0.26,48.71,76.33,16.64,106.93,46.47,111.39,171.22,4.16,3.82,2.52,2.89,46.09,21449.95,2194.64,28414.08,Zurich,Switzerland
145,"Yerevan, Armenia",4.7,22.54,4.6,1.13,0.6,0.34,0.82,0.43,1.44,4.29,1.13,0.19,4.17,0.83,16043.44,320.04,664.25,60.06,0.03,14.09,43.14,4.7,51.8,37.56,73.47,69.2,0.19,0.9,1.08,1.2,5.96,19843.59,141.66,3020.37,Yerevan,Armenia
146,"Manila, Philippines",3.56,17.82,2.67,1.25,0.62,0.36,1.48,1.05,1.51,4.41,1.78,0.27,3.13,0.92,16000.78,552.51,1679.37,120.87,0.14,45.47,43.97,5.35,42.43,26.97,70.59,76.79,0.24,2.17,0.91,1.26,5.12,16737.32,143.94,5990.32,Manila,Philippines
147,"Brisbane, Australia",12.38,49.54,7.43,4.95,2.04,1.61,0.9,1.73,2.45,5.54,18.58,2.48,6.23,0.92,15479.87,1041.75,1796.62,108.52,0.18,47.06,40.03,9.29,59.31,32.05,87,83.57,1.34,2.58,1.43,2.05,10.46,14810.45,1074.36,8746.12,Brisbane,Australia
148,"Jakarta, Indonesia",2.62,16.4,3.28,2.62,0.56,0.26,1.24,1.11,1.52,6.7,1.64,0.23,2.99,0.6,26244.34,401.19,1361.18,96.12,0.12,26.47,38.09,3.28,39.61,29.82,65.65,83.08,0.33,2.8,0.86,1.46,8.08,27582.69,140.45,5755.87,Jakarta,Indonesia
149,"Ankara, Turkey",3.82,15.28,3.51,2.75,0.65,0.2,0.69,0.41,1.4,5.09,2.44,0.46,3.38,1.07,24198.72,198.86,322.86,54.61,0.11,14.11,20.81,3.06,35.67,24.1,55.84,47,0.46,0.8,1.26,1.78,9.24,20134.24,242.55,5303.45,Ankara,Turkey
150,"Lviv, Ukraine",3.75,18.76,3.56,1.5,0.48,0.37,0.85,0.46,1.21,5.59,1.54,0.26,3.6,1.14,20706.61,364.65,589.43,88.45,0.03,4.44,17.16,3.75,59.94,40.06,85.5,97.41,0.26,0.76,1.02,1.13,5.65,20334.03,192.51,2729,Lviv,Ukraine
151,"Novosibirsk, Russia",5.72,22.01,3.67,1.1,0.69,0.52,0.85,0.49,1,7.3,1.91,0.32,3.88,0.64,18196.16,344.85,635.89,94.51,0.03,7.96,27.49,4.4,65.73,43.52,82.6,82.09,0.15,1.48,0.95,1.1,7.2,18129.31,222.83,2474.58,Novosibirsk,Russia
152,"Bursa, Turkey",3.82,11.47,3.06,2.37,0.7,0.23,0.69,0.42,1.63,5.93,2.29,0.51,3.15,1.05,22948.67,177.53,315.38,67.46,0.12,12.93,23.4,3.06,29.38,17.75,57.01,46.84,0.5,0.81,1.4,1.73,10.08,20892.07,200.51,4036.19,Bursa,Turkey
153,"Brussels, Belgium",15,60,8.2,4,2.47,2.07,0.97,1.64,2.65,13.14,6.7,2.1,9.07,1.44,20200,838.2,1432.14,122.98,0.23,43.43,26.11,11,72.59,33.81,78.65,116.11,1.95,2.17,2.19,1.63,13.56,21788.33,695.44,18342.86,Brussels,Belgium
154,"Jerusalem, Israel",15.56,62.24,12.97,7.26,2.07,1.71,1.43,1.54,3.32,10.63,9.08,1.53,8.33,1.67,34229.98,919.4,1577.52,166.88,0.13,24.16,71.27,10.37,81.25,56.11,104.25,110.38,0.95,2.76,2.06,1.78,13.52,34921.49,566.18,4019.43,Jerusalem,Israel
155,"Melbourne, Australia",10.22,49.54,7.12,5.57,1.91,1.7,0.9,1.88,2.85,6.12,19.01,2.72,6.64,0.91,15479.87,1134.86,2027.71,127.87,0.12,43.28,46.28,12.38,61.86,36.07,75.79,84.07,1.11,2.56,1.58,2.2,9.42,15221.84,1250.41,12874.09,Melbourne,Australia
156,"Perth, Australia",12.43,56.55,7.32,5.9,1.79,1.62,1.03,1.76,2.59,6.52,18.64,2.58,6.9,0.87,16149.98,897.5,1474.61,129.02,0.32,43.78,39.32,11.19,57.64,32.49,76.64,86.35,1.07,2.41,1.96,2.11,9.49,15239.2,1190.12,11526.08,Perth,Australia
157,"Sydney, Australia",11.81,54.37,7.15,4.97,1.99,1.68,0.9,1.85,2.79,7.68,20.82,2.73,7.15,0.93,15845.5,1568.39,2674.32,110.7,0.38,43.51,47.37,12.43,61.22,38.11,86.5,94.94,1.37,2.77,1.65,2.17,11.24,15066.62,1389.43,11933.55,Sydney,Australia
158,"Alexandria, Egypt",2.81,14.06,3.38,1.69,0.32,0.19,0.81,0.51,1.02,3.68,2.25,0.23,4.07,0.39,23626.73,142.04,285.82,18.56,0.01,16.57,19.58,3.66,32.34,40.48,114.49,49.58,0.14,1.48,0.66,0.66,8.37,23071.86,55.41,2132.54,Alexandria,Egypt
159,"Quito, Ecuador",3.59,31.45,5.39,1.35,0.71,0.47,0.87,1.35,1.59,5.47,4.49,0.22,6.01,0.54,21563.64,369.07,680.28,39.64,0.11,36.77,40.91,5.39,56.57,41.74,88.39,84.05,1.35,2.07,1.34,0.99,6.46,25324.92,276.63,6410.05,Quito,Ecuador
